Contents,,,,,,,,,,,,,,,,,,,,,,,,,,,,,,,,,,,,,,,,,,,,,,,,,,,,,,,,,,,,,,,,,,,,,,,,,,,,,,,,,,,,,,,,,,,,,,,,,,,
"Table 18 (a)-Estimated resident population by age group and sex - Island of Mauritius, 1984 - 2016",,,,,,,,,,,,,,,,,,,,,,,,,,,,,,,,,,,,,,,,,,,,,,,,,,,,,,,,,,,,,,,,,,,,,,,,,,,,,,,,,,,,,,,,,,,,,,,,,,,
,,,,,,,,,,,,,,,,,,,,,,,,,,,,,,,,,,,,,,,,,,,,,,,,,,,,,,,,,,,,,,,,,,,,,,,,,,,,,,,,,,,,,,,,,,,,,,,,,,,
Age group,1st July 1984,,,1st July 1985,,,1st July 1986,,,1st July 1987,,,1st July 1988,,,1st July 1989,,,1st July 1990,,,1st July 1991,,,1st July 1992,,,1st July 1993,,,1st July 1994,,,1st July 1995,,,1st July 1996,,,1st July 1997,,,1st July 1998,,,1st July 1999,,,1st July 2000,,,1st July 2001,,,1st July 2002,,,1st July 2003,,,1st July 2004,,,1st July 2005,,,1st July 2006,,,1st July 2007,,,1st July 2008,,,1st July 2009,,,1st July 2010,,,1st July 2011,,,1st July 2012,,,1st July 2013,,,1st July 2014,,,1st July 2015,,,1st July 2016,,
,Male,Female,Both sexes,Male,Female,Both sexes,Male,Female,Both sexes,Male,Female,Both sexes,Male,Female,Both sexes,Male,Female,Both sexes,Male,Female,Both sexes,Male,Female,Both sexes,Male,Female,Both sexes,Male,Female,Both sexes,Male,Female,Both sexes,Male,Female,Both sexes,Male,Female,Both sexes,Male,Female,Both sexes,Male,Female,Both sexes,Male,Female,Both sexes,Male,Female,Both sexes,Male,Female,Both sexes,Male,Female,Both sexes,Male,Female,Both sexes,Male,Female,Both sexes,Male,Female,Both sexes,Male,Female,Both sexes,Male,Female,Both sexes,Male,Female,Both sexes,Male,Female,Both sexes,Male,Female,Both sexes,Male,Female,Both sexes,Male,Female,Both sexes,Male,Female,Both sexes,Male,Female,Both sexes,Male,Female,Both sexes,Male,Female,Both sexes
0," 9,719 "," 9,368 "," 19,087 "," 9,288 "," 9,027 "," 18,315 "," 9,047 "," 8,712 "," 17,759 "," 9,307 "," 8,935 "," 18,242 "," 9,680 "," 9,535 "," 19,215 "," 10,420 "," 10,021 "," 20,441 "," 10,323 "," 10,022 "," 20,345 "," 10,803 "," 10,432 "," 21,235 "," 11,218 "," 10,624 "," 21,842 "," 10,817 "," 10,747 "," 21,564 "," 10,392 "," 10,255 "," 20,647 "," 10,290 "," 10,175 "," 20,465 "," 9,755 "," 9,567 "," 19,322 "," 9,643 "," 9,567 "," 19,210 "," 9,640 "," 9,292 "," 18,932 "," 9,580 "," 9,107 "," 18,687 "," 9,719 "," 9,290 "," 19,009 "," 9,671 "," 9,326 "," 18,997 "," 9,638 "," 9,246 "," 18,884 "," 9,620 "," 9,267 "," 18,887 "," 9,575 "," 9,229 "," 18,804 "," 9,441 "," 9,143 "," 18,584 "," 9,242 "," 8,931 "," 18,173 "," 9,014 "," 8,675 "," 17,689 "," 8,693 "," 8,361 "," 17,054 "," 8,324 "," 8,068 "," 16,392 "," 7,957 "," 7,723 "," 15,680 "," 6,973 "," 6,826 "," 13,799 "," 6,971 "," 6,805 "," 13,776 "," 6,762 "," 6,397 "," 13,159 "," 6,497 "," 6,327 "," 12,824 "," 6,301 "," 6,066 "," 12,367 "," 6,168 "," 5,811 "," 11,979 "
1 - 4," 45,334 "," 43,692 "," 89,026 "," 42,804 "," 40,612 "," 83,416 "," 39,819 "," 38,322 "," 78,141 "," 38,199 "," 36,042 "," 74,241 "," 36,886 "," 35,580 "," 72,466 "," 37,439 "," 36,103 "," 73,542 "," 37,693 "," 36,499 "," 74,192 "," 38,867 "," 37,807 "," 76,674 "," 40,633 "," 39,419 "," 80,052 "," 42,242 "," 40,669 "," 82,911 "," 43,051 "," 41,631 "," 84,682 "," 43,072 "," 41,825 "," 84,897 "," 42,543 "," 41,594 "," 84,137 "," 41,121 "," 40,608 "," 81,729 "," 39,957 "," 39,434 "," 79,391 "," 39,252 "," 38,556 "," 77,808 "," 38,520 "," 37,492 "," 76,012 "," 38,685 "," 37,303 "," 75,988 "," 38,552 "," 36,983 "," 75,535 "," 38,479 "," 37,067 "," 75,546 "," 38,298 "," 36,915 "," 75,213 "," 37,764 "," 36,571 "," 74,335 "," 36,966 "," 35,723 "," 72,689 "," 36,057 "," 34,701 "," 70,758 "," 34,770 "," 33,443 "," 68,213 "," 33,294 "," 32,274 "," 65,568 "," 31,827 "," 30,892 "," 62,719 "," 30,854 "," 30,158 "," 61,012 "," 29,537 "," 29,169 "," 58,706 "," 28,614 "," 28,178 "," 56,792 "," 27,905 "," 27,112 "," 55,017 "," 27,142 "," 26,306 "," 53,448 "," 26,468 "," 25,537 "," 52,005 "
5 - 9," 54,756 "," 52,484 "," 107,240 "," 56,458 "," 53,959 "," 110,417 "," 58,130 "," 55,159 "," 113,289 "," 57,864 "," 56,407 "," 114,271 "," 56,608 "," 54,623 "," 111,231 "," 54,748 "," 52,299 "," 107,047 "," 50,160 "," 48,662 "," 98,822 "," 47,765 "," 46,277 "," 94,042 "," 46,263 "," 44,504 "," 90,767 "," 46,118 "," 44,221 "," 90,339 "," 46,720 "," 44,991 "," 91,711 "," 47,800 "," 46,144 "," 93,944 "," 49,547 "," 47,904 "," 97,451 "," 51,713 "," 49,820 "," 101,533 "," 52,949 "," 51,269 "," 104,218 "," 53,328 "," 51,731 "," 105,059 "," 53,314 "," 51,945 "," 105,259 "," 52,189 "," 51,115 "," 103,304 "," 50,582 "," 50,047 "," 100,629 "," 49,365 "," 48,546 "," 97,911 "," 48,511 "," 47,426 "," 95,937 "," 47,940 "," 46,512 "," 94,452 "," 48,051 "," 46,355 "," 94,406 "," 47,865 "," 45,943 "," 93,808 "," 47,758 "," 46,051 "," 93,809 "," 47,515 "," 45,855 "," 93,370 "," 46,829 "," 45,410 "," 92,239 "," 45,817 "," 44,344 "," 90,161 "," 44,706 "," 43,018 "," 87,724 "," 43,146 "," 41,477 "," 84,623 "," 41,331 "," 40,105 "," 81,436 "," 39,625 "," 38,437 "," 78,062 "," 37,772 "," 36,943 "," 74,715 "
10 - 14," 48,151 "," 46,678 "," 94,829 "," 48,310 "," 46,895 "," 95,205 "," 48,385 "," 46,862 "," 95,247 "," 50,743 "," 47,483 "," 98,226 "," 53,226 "," 50,520 "," 103,746 "," 54,829 "," 52,299 "," 107,128 "," 54,711 "," 53,687 "," 108,398 "," 56,060 "," 54,686 "," 110,746 "," 56,101 "," 54,796 "," 110,897 "," 54,662 "," 53,415 "," 108,077 "," 52,823 "," 51,324 "," 104,147 "," 49,984 "," 48,326 "," 98,310 "," 47,710 "," 45,997 "," 93,707 "," 46,187 "," 44,349 "," 90,536 "," 46,054 "," 44,116 "," 90,170 "," 46,671 "," 44,908 "," 91,579 "," 47,441 "," 46,416 "," 93,857 "," 49,472 "," 48,194 "," 97,666 "," 51,679 "," 49,890 "," 101,569 "," 52,998 "," 51,377 "," 104,375 "," 53,327 "," 51,845 "," 105,172 "," 53,144 "," 51,930 "," 105,074 "," 52,068 "," 51,129 "," 103,197 "," 50,514 "," 50,087 "," 100,601 "," 49,354 "," 48,609 "," 97,963 "," 48,542 "," 47,515 "," 96,057 "," 48,020 "," 46,632 "," 94,652 "," 48,180 "," 46,500 "," 94,680 "," 47,935 "," 46,079 "," 94,014 "," 47,760 "," 46,127 "," 93,887 "," 47,483 "," 45,875 "," 93,358 "," 46,760 "," 45,401 "," 92,161 "," 45,777 "," 44,305 "," 90,082 "
15 - 19," 54,919 "," 53,987 "," 108,906 "," 53,751 "," 52,013 "," 105,764 "," 51,624 "," 49,177 "," 100,801 "," 49,840 "," 47,281 "," 97,121 "," 47,556 "," 46,186 "," 93,742 "," 47,470 "," 46,417 "," 93,887 "," 47,234 "," 45,986 "," 93,220 "," 47,651 "," 46,821 "," 94,472 "," 49,176 "," 47,788 "," 96,964 "," 51,502 "," 50,180 "," 101,682 "," 52,821 "," 51,675 "," 104,496 "," 54,434 "," 53,218 "," 107,652 "," 55,906 "," 54,315 "," 110,221 "," 55,944 "," 54,597 "," 110,541 "," 54,506 "," 53,246 "," 107,752 "," 52,693 "," 51,258 "," 103,951 "," 49,451 "," 48,132 "," 97,583 "," 46,895 "," 45,745 "," 92,640 "," 44,997 "," 43,968 "," 88,965 "," 44,488 "," 43,506 "," 87,994 "," 44,835 "," 43,886 "," 88,721 "," 45,889 "," 44,983 "," 90,872 "," 47,675 "," 46,558 "," 94,233 "," 49,631 "," 48,056 "," 97,687 "," 50,699 "," 49,340 "," 100,039 "," 50,769 "," 49,603 "," 100,372 "," 50,326 "," 49,486 "," 99,812 "," 49,007 "," 48,479 "," 97,486 "," 48,384 "," 48,153 "," 96,537 "," 47,861 "," 47,170 "," 95,031 "," 47,577 "," 46,515 "," 94,092 "," 47,556 "," 46,189 "," 93,745 "," 48,016 "," 46,364 "," 94,380 "
20 - 24," 54,506 "," 53,953 "," 108,459 "," 55,607 "," 54,307 "," 109,914 "," 56,705 "," 55,380 "," 112,085 "," 55,236 "," 54,705 "," 109,941 "," 54,389 "," 52,974 "," 107,363 "," 52,850 "," 51,462 "," 104,312 "," 50,787 "," 48,698 "," 99,485 "," 48,506 "," 46,453 "," 94,959 "," 47,615 "," 45,362 "," 92,977 "," 45,964 "," 43,293 "," 89,257 "," 46,718 "," 44,450 "," 91,168 "," 46,551 "," 44,664 "," 91,215 "," 47,112 "," 45,742 "," 92,854 "," 48,940 "," 47,224 "," 96,164 "," 51,343 "," 49,797 "," 101,140 "," 52,885 "," 51,610 "," 104,495 "," 53,328 "," 53,999 "," 107,327 "," 54,620 "," 54,753 "," 109,373 "," 54,493 "," 54,580 "," 109,073 "," 53,002 "," 52,654 "," 105,656 "," 51,113 "," 50,155 "," 101,268 "," 47,957 "," 46,863 "," 94,820 "," 45,305 "," 44,325 "," 89,630 "," 43,280 "," 42,365 "," 85,645 "," 42,626 "," 41,730 "," 84,356 "," 42,861 "," 41,953 "," 84,814 "," 43,818 "," 42,894 "," 86,712 "," 45,460 "," 44,303 "," 89,763 "," 47,260 "," 45,815 "," 93,075 "," 48,376 "," 47,151 "," 95,527 "," 48,769 "," 47,702 "," 96,471 "," 48,933 "," 47,893 "," 96,826 "," 48,356 "," 47,637 "," 95,993 "
25 - 29," 46,605 "," 45,671 "," 92,276 "," 47,586 "," 46,990 "," 94,576 "," 47,446 "," 47,186 "," 94,632 "," 49,608 "," 49,508 "," 99,116 "," 52,081 "," 50,703 "," 102,784 "," 52,870 "," 51,580 "," 104,450 "," 52,454 "," 50,580 "," 103,034 "," 53,381 "," 51,790 "," 105,171 "," 53,424 "," 50,648 "," 104,072 "," 52,950 "," 50,043 "," 102,993 "," 51,404 "," 48,469 "," 99,873 "," 50,044 "," 46,831 "," 96,875 "," 47,939 "," 44,729 "," 92,668 "," 47,172 "," 44,388 "," 91,560 "," 45,714 "," 42,749 "," 88,463 "," 46,783 "," 44,175 "," 90,958 "," 45,393 "," 45,662 "," 91,055 "," 45,630 "," 46,343 "," 91,973 "," 47,016 "," 47,541 "," 94,557 "," 49,038 "," 50,093 "," 99,131 "," 50,201 "," 51,498 "," 101,699 "," 51,920 "," 53,024 "," 104,944 "," 53,211 "," 53,838 "," 107,049 "," 53,084 "," 53,724 "," 106,808 "," 51,586 "," 51,827 "," 103,413 "," 49,738 "," 49,399 "," 99,137 "," 46,662 "," 46,177 "," 92,839 "," 44,063 "," 43,725 "," 87,788 "," 42,303 "," 41,862 "," 84,165 "," 41,974 "," 41,403 "," 83,377 "," 42,354 "," 41,540 "," 83,894 "," 43,081 "," 42,102 "," 85,183 "," 44,600 "," 43,278 "," 87,878 "
30 - 34," 40,744 "," 39,800 "," 80,544 "," 40,933 "," 40,211 "," 81,144 "," 41,358 "," 41,309 "," 82,667 "," 41,710 "," 43,385 "," 85,095 "," 42,977 "," 44,284 "," 87,261 "," 44,012 "," 44,906 "," 88,918 "," 46,606 "," 44,804 "," 91,410 "," 47,001 "," 45,251 "," 92,252 "," 47,991 "," 46,179 "," 94,170 "," 49,501 "," 47,019 "," 96,520 "," 51,237 "," 48,573 "," 99,810 "," 51,661 "," 48,939 "," 100,600 "," 52,845 "," 50,192 "," 103,037 "," 52,848 "," 49,654 "," 102,502 "," 52,493 "," 49,474 "," 101,967 "," 51,048 "," 48,049 "," 99,097 "," 48,743 "," 48,313 "," 97,056 "," 46,511 "," 46,144 "," 92,655 "," 45,133 "," 45,165 "," 90,298 "," 43,350 "," 43,024 "," 86,374 "," 43,565 "," 43,355 "," 86,920 "," 43,335 "," 43,228 "," 86,563 "," 43,502 "," 43,634 "," 87,136 "," 44,782 "," 44,537 "," 89,319 "," 46,670 "," 46,734 "," 93,404 "," 47,732 "," 47,823 "," 95,555 "," 49,344 "," 49,034 "," 98,378 "," 50,554 "," 49,532 "," 100,086 "," 50,647 "," 49,755 "," 100,402 "," 49,478 "," 48,506 "," 97,984 "," 47,650 "," 46,890 "," 94,540 "," 45,281 "," 44,511 "," 89,792 "," 43,101 "," 42,469 "," 85,570 "
35 - 39," 28,032 "," 29,441 "," 57,473 "," 29,662 "," 30,401 "," 60,063 "," 34,267 "," 34,147 "," 68,414 "," 36,825 "," 35,627 "," 72,452 "," 37,549 "," 38,188 "," 75,737 "," 37,277 "," 39,286 "," 76,563 "," 40,439 "," 39,145 "," 79,584 "," 40,782 "," 39,539 "," 80,321 "," 42,406 "," 40,715 "," 83,121 "," 43,002 "," 41,131 "," 84,133 "," 44,167 "," 42,379 "," 86,546 "," 45,687 "," 43,712 "," 89,399 "," 46,257 "," 44,156 "," 90,413 "," 47,183 "," 45,432 "," 92,615 "," 48,734 "," 46,556 "," 95,290 "," 50,492 "," 48,119 "," 98,611 "," 50,507 "," 49,157 "," 99,664 "," 51,400 "," 50,260 "," 101,660 "," 50,735 "," 49,351 "," 100,086 "," 50,029 "," 49,175 "," 99,204 "," 48,047 "," 47,328 "," 95,375 "," 47,253 "," 46,368 "," 93,621 "," 45,198 "," 44,291 "," 89,489 "," 43,964 "," 43,373 "," 87,337 "," 42,327 "," 41,292 "," 83,619 "," 42,707 "," 41,697 "," 84,404 "," 42,605 "," 41,688 "," 84,293 "," 42,904 "," 42,173 "," 85,077 "," 44,010 "," 43,000 "," 87,010 "," 45,838 "," 44,860 "," 90,698 "," 47,095 "," 45,672 "," 92,767 "," 48,317 "," 47,063 "," 95,380 "," 49,371 "," 47,787 "," 97,158 "
40 - 44," 21,121 "," 22,264 "," 43,385 "," 22,329 "," 23,496 "," 45,825 "," 22,906 "," 24,819 "," 47,725 "," 23,301 "," 25,899 "," 49,200 "," 25,382 "," 26,977 "," 52,359 "," 26,307 "," 27,741 "," 54,048 "," 29,459 "," 29,691 "," 59,150 "," 33,007 "," 32,642 "," 65,649 "," 35,160 "," 34,629 "," 69,789 "," 37,226 "," 36,422 "," 73,648 "," 38,840 "," 37,789 "," 76,629 "," 39,345 "," 38,310 "," 77,655 "," 39,792 "," 38,711 "," 78,503 "," 41,362 "," 40,087 "," 81,449 "," 41,987 "," 40,632 "," 82,619 "," 43,160 "," 41,914 "," 85,074 "," 44,742 "," 43,573 "," 88,315 "," 45,192 "," 43,938 "," 89,130 "," 45,744 "," 44,917 "," 90,661 "," 46,968 "," 45,695 "," 92,663 "," 48,299 "," 46,935 "," 95,234 "," 48,848 "," 47,557 "," 96,405 "," 49,777 "," 48,719 "," 98,496 "," 49,191 "," 47,849 "," 97,040 "," 48,533 "," 47,683 "," 96,216 "," 46,624 "," 45,850 "," 92,474 "," 45,911 "," 44,957 "," 90,868 "," 43,954 "," 42,972 "," 86,926 "," 42,742 "," 41,861 "," 84,603 "," 41,158 "," 39,962 "," 81,120 "," 41,391 "," 40,316 "," 81,707 "," 41,443 "," 40,294 "," 81,737 "," 41,783 "," 40,727 "," 82,510 "
45 - 49," 19,411 "," 19,403 "," 38,814 "," 19,992 "," 19,683 "," 39,675 "," 19,073 "," 19,901 "," 38,974 "," 18,822 "," 19,660 "," 38,482 "," 19,182 "," 20,966 "," 40,148 "," 20,646 "," 22,837 "," 43,483 "," 21,220 "," 22,104 "," 43,324 "," 21,847 "," 23,142 "," 44,989 "," 23,265 "," 24,256 "," 47,521 "," 25,353 "," 26,317 "," 51,670 "," 26,467 "," 27,536 "," 54,003 "," 28,333 "," 29,025 "," 57,358 "," 31,869 "," 31,953 "," 63,822 "," 33,913 "," 33,978 "," 67,891 "," 35,959 "," 35,857 "," 71,816 "," 37,521 "," 37,211 "," 74,732 "," 38,343 "," 38,074 "," 76,417 "," 38,712 "," 38,348 "," 77,060 "," 40,311 "," 39,589 "," 79,900 "," 40,873 "," 40,245 "," 81,118 "," 41,847 "," 41,300 "," 83,147 "," 43,316 "," 42,596 "," 85,912 "," 43,830 "," 43,061 "," 86,891 "," 44,458 "," 44,152 "," 88,610 "," 45,709 "," 45,063 "," 90,772 "," 47,067 "," 46,411 "," 93,478 "," 47,711 "," 47,147 "," 94,858 "," 48,688 "," 48,381 "," 97,069 "," 47,961 "," 47,390 "," 95,351 "," 47,464 "," 47,031 "," 94,495 "," 45,656 "," 45,130 "," 90,786 "," 44,742 "," 43,935 "," 88,677 "," 42,634 "," 41,739 "," 84,373 "
50 - 54," 16,801 "," 16,320 "," 33,121 "," 17,467 "," 16,899 "," 34,366 "," 18,568 "," 17,591 "," 36,159 "," 19,312 "," 19,089 "," 38,401 "," 19,509 "," 19,853 "," 39,362 "," 19,201 "," 20,126 "," 39,327 "," 17,893 "," 18,976 "," 36,869 "," 17,806 "," 18,766 "," 36,572 "," 17,868 "," 18,941 "," 36,809 "," 17,811 "," 18,867 "," 36,678 "," 19,046 "," 20,173 "," 39,219 "," 19,960 "," 21,430 "," 41,390 "," 20,644 "," 22,447 "," 43,091 "," 21,988 "," 23,585 "," 45,573 "," 23,978 "," 25,655 "," 49,633 "," 25,134 "," 26,858 "," 51,992 "," 27,170 "," 28,560 "," 55,730 "," 30,696 "," 31,643 "," 62,339 "," 32,540 "," 33,456 "," 65,996 "," 34,615 "," 35,157 "," 69,772 "," 36,078 "," 36,483 "," 72,561 "," 36,590 "," 36,980 "," 73,570 "," 36,927 "," 37,296 "," 74,223 "," 38,566 "," 38,616 "," 77,182 "," 39,105 "," 39,345 "," 78,450 "," 40,013 "," 40,434 "," 80,447 "," 41,435 "," 41,770 "," 83,205 "," 41,921 "," 42,305 "," 84,226 "," 42,672 "," 43,432 "," 86,104 "," 43,740 "," 44,327 "," 88,067 "," 45,022 "," 45,376 "," 90,398 "," 45,700 "," 46,155 "," 91,855 "," 46,742 "," 47,271 "," 94,013 "
55 - 59," 16,940 "," 16,695 "," 33,635 "," 16,797 "," 16,411 "," 33,208 "," 15,917 "," 15,888 "," 31,805 "," 15,380 "," 15,480 "," 30,860 "," 15,620 "," 15,479 "," 31,099 "," 15,704 "," 15,502 "," 31,206 "," 15,220 "," 16,017 "," 31,237 "," 15,572 "," 16,606 "," 32,178 "," 16,235 "," 17,376 "," 33,611 "," 16,444 "," 17,840 "," 34,284 "," 16,060 "," 17,773 "," 33,833 "," 16,382 "," 18,137 "," 34,519 "," 16,373 "," 17,952 "," 34,325 "," 16,405 "," 18,152 "," 34,557 "," 16,307 "," 18,097 "," 34,404 "," 17,478 "," 19,376 "," 36,854 "," 18,624 "," 20,650 "," 39,274 "," 19,220 "," 21,523 "," 40,743 "," 20,543 "," 22,761 "," 43,304 "," 22,373 "," 24,806 "," 47,179 "," 23,471 "," 25,896 "," 49,367 "," 25,281 "," 27,499 "," 52,780 "," 28,642 "," 30,549 "," 59,191 "," 30,481 "," 32,393 "," 62,874 "," 32,571 "," 34,139 "," 66,710 "," 33,990 "," 35,549 "," 69,539 "," 34,528 "," 36,157 "," 70,685 "," 34,944 "," 36,583 "," 71,527 "," 36,276 "," 37,830 "," 74,106 "," 36,751 "," 38,364 "," 75,115 "," 37,858 "," 39,474 "," 77,332 "," 39,071 "," 40,660 "," 79,731 "," 39,593 "," 41,051 "," 80,644 "
60 - 64," 12,720 "," 13,301 "," 26,021 "," 14,138 "," 14,212 "," 28,350 "," 15,090 "," 15,153 "," 30,243 "," 15,265 "," 15,306 "," 30,571 "," 15,235 "," 15,075 "," 30,310 "," 15,304 "," 15,254 "," 30,558 "," 14,427 "," 15,748 "," 30,175 "," 13,510 "," 15,067 "," 28,577 "," 12,878 "," 14,464 "," 27,342 "," 12,732 "," 14,399 "," 27,131 "," 13,059 "," 14,666 "," 27,725 "," 13,282 "," 14,864 "," 28,146 "," 13,686 "," 15,453 "," 29,139 "," 14,274 "," 16,187 "," 30,461 "," 14,441 "," 16,698 "," 31,139 "," 14,116 "," 16,637 "," 30,753 "," 14,809 "," 17,250 "," 32,059 "," 14,954 "," 17,229 "," 32,183 "," 14,942 "," 17,209 "," 32,151 "," 14,933 "," 17,312 "," 32,245 "," 16,051 "," 18,469 "," 34,520 "," 16,993 "," 19,635 "," 36,628 "," 17,552 "," 20,573 "," 38,125 "," 18,886 "," 21,867 "," 40,753 "," 20,586 "," 23,852 "," 44,438 "," 21,629 "," 24,979 "," 46,608 "," 23,378 "," 26,569 "," 49,947 "," 26,544 "," 29,635 "," 56,179 "," 28,296 "," 31,322 "," 59,618 "," 30,158 "," 33,055 "," 63,213 "," 31,292 "," 34,287 "," 65,579 "," 31,699 "," 34,674 "," 66,373 "," 32,115 "," 34,977 "," 67,092 "
65 - 69," 8,645 "," 9,721 "," 18,366 "," 8,477 "," 9,725 "," 18,202 "," 8,650 "," 9,843 "," 18,493 "," 8,679 "," 10,682 "," 19,361 "," 9,208 "," 11,337 "," 20,545 "," 9,971 "," 12,297 "," 22,268 "," 11,063 "," 12,699 "," 23,762 "," 11,796 "," 13,465 "," 25,261 "," 12,094 "," 13,951 "," 26,045 "," 12,315 "," 14,340 "," 26,655 "," 12,111 "," 14,301 "," 26,412 "," 11,810 "," 14,111 "," 25,921 "," 11,148 "," 13,602 "," 24,750 "," 10,671 "," 13,010 "," 23,681 "," 10,598 "," 12,938 "," 23,536 "," 10,918 "," 13,214 "," 24,132 "," 11,405 "," 13,604 "," 25,009 "," 11,855 "," 14,200 "," 26,055 "," 12,491 "," 15,078 "," 27,569 "," 12,708 "," 15,438 "," 28,146 "," 12,500 "," 15,528 "," 28,028 "," 12,830 "," 15,851 "," 28,681 "," 12,924 "," 15,752 "," 28,676 "," 13,010 "," 15,825 "," 28,835 "," 13,018 "," 15,954 "," 28,972 "," 14,027 "," 17,054 "," 31,081 "," 14,836 "," 18,148 "," 32,984 "," 15,365 "," 19,032 "," 34,397 "," 16,492 "," 20,273 "," 36,765 "," 18,096 "," 22,080 "," 40,176 "," 19,114 "," 23,159 "," 42,273 "," 20,668 "," 24,762 "," 45,430 "," 23,436 "," 27,624 "," 51,060 "
70 - 74," 5,585 "," 7,281 "," 12,866 "," 5,862 "," 7,561 "," 13,423 "," 6,027 "," 7,604 "," 13,631 "," 6,391 "," 8,025 "," 14,416 "," 6,843 "," 7,988 "," 14,831 "," 6,498 "," 7,816 "," 14,314 "," 6,307 "," 8,041 "," 14,348 "," 6,510 "," 8,417 "," 14,927 "," 6,786 "," 8,784 "," 15,570 "," 7,151 "," 9,141 "," 16,292 "," 7,787 "," 9,870 "," 17,657 "," 8,385 "," 10,722 "," 19,107 "," 9,036 "," 11,431 "," 20,467 "," 9,212 "," 11,932 "," 21,144 "," 9,358 "," 12,368 "," 21,726 "," 9,259 "," 12,374 "," 21,633 "," 9,268 "," 11,956 "," 21,224 "," 8,763 "," 11,544 "," 20,307 "," 8,483 "," 11,153 "," 19,636 "," 8,510 "," 11,197 "," 19,707 "," 8,885 "," 11,470 "," 20,355 "," 9,117 "," 11,903 "," 21,020 "," 9,434 "," 12,382 "," 21,816 "," 10,008 "," 13,169 "," 23,177 "," 10,263 "," 13,515 "," 23,778 "," 10,091 "," 13,669 "," 23,760 "," 10,459 "," 13,995 "," 24,454 "," 10,595 "," 13,937 "," 24,532 "," 10,698 "," 13,995 "," 24,693 "," 10,690 "," 14,135 "," 24,825 "," 11,496 "," 15,232 "," 26,728 "," 12,289 "," 16,277 "," 28,566 "," 12,758 "," 16,951 "," 29,709 "
75 - 79," 2,846 "," 4,495 "," 7,341 "," 2,799 "," 4,527 "," 7,326 "," 2,899 "," 4,648 "," 7,547 "," 2,867 "," 4,533 "," 7,400 "," 2,838 "," 5,020 "," 7,858 "," 3,290 "," 5,640 "," 8,930 "," 3,815 "," 5,925 "," 9,740 "," 3,923 "," 5,905 "," 9,828 "," 4,128 "," 6,116 "," 10,244 "," 4,251 "," 6,312 "," 10,563 "," 4,169 "," 6,193 "," 10,362 "," 4,220 "," 6,261 "," 10,481 "," 4,353 "," 6,620 "," 10,973 "," 4,546 "," 6,857 "," 11,403 "," 4,785 "," 7,163 "," 11,948 "," 5,293 "," 7,789 "," 13,082 "," 5,905 "," 8,682 "," 14,587 "," 6,409 "," 9,197 "," 15,606 "," 6,512 "," 9,456 "," 15,968 "," 6,716 "," 9,827 "," 16,543 "," 6,625 "," 9,725 "," 16,350 "," 6,618 "," 9,584 "," 16,202 "," 6,220 "," 9,298 "," 15,518 "," 6,069 "," 9,080 "," 15,149 "," 6,198 "," 9,155 "," 15,353 "," 6,498 "," 9,466 "," 15,964 "," 6,700 "," 9,877 "," 16,577 "," 7,117 "," 10,382 "," 17,499 "," 7,513 "," 10,993 "," 18,506 "," 7,694 "," 11,214 "," 18,908 "," 7,751 "," 11,346 "," 19,097 "," 8,009 "," 11,652 "," 19,661 "," 8,072 "," 11,716 "," 19,788 "
80 - 84," 1,095 "," 2,670 "," 3,765 "," 1,217 "," 2,735 "," 3,952 "," 1,295 "," 2,803 "," 4,098 "," 1,420 "," 2,778 "," 4,198 "," 1,387 "," 2,666 "," 4,053 "," 1,260 "," 2,558 "," 3,818 "," 1,514 "," 3,110 "," 4,624 "," 1,662 "," 3,265 "," 4,927 "," 1,723 "," 3,304 "," 5,027 "," 1,729 "," 3,351 "," 5,080 "," 2,002 "," 3,676 "," 5,678 "," 2,078 "," 3,911 "," 5,989 "," 2,219 "," 3,949 "," 6,168 "," 2,343 "," 4,115 "," 6,458 "," 2,402 "," 4,344 "," 6,746 "," 2,348 "," 4,229 "," 6,577 "," 2,506 "," 4,417 "," 6,923 "," 2,631 "," 4,771 "," 7,402 "," 2,844 "," 4,973 "," 7,817 "," 3,079 "," 5,167 "," 8,246 "," 3,427 "," 5,764 "," 9,191 "," 3,709 "," 6,309 "," 10,018 "," 3,941 "," 6,659 "," 10,600 "," 4,117 "," 6,917 "," 11,034 "," 4,264 "," 7,228 "," 11,492 "," 4,179 "," 7,159 "," 11,338 "," 4,285 "," 7,130 "," 11,415 "," 4,050 "," 7,025 "," 11,075 "," 3,948 "," 6,844 "," 10,792 "," 3,974 "," 6,963 "," 10,937 "," 4,194 "," 7,151 "," 11,345 "," 4,391 "," 7,431 "," 11,822 "," 4,639 "," 7,779 "," 12,418 "
85 +, 419 ," 1,556 "," 1,975 ", 423 ," 1,646 "," 2,069 ", 453 ," 1,688 "," 2,141 ", 452 ," 1,748 "," 2,200 ", 554 ," 1,932 "," 2,486 ", 531 ," 2,042 "," 2,573 ", 680 ," 2,172 "," 2,852 ", 746 ," 2,281 "," 3,027 ", 787 ," 2,360 "," 3,147 ", 829 ," 2,504 "," 3,333 ", 841 ," 2,507 "," 3,348 ", 867 ," 2,553 "," 3,420 ", 937 ," 2,683 "," 3,620 ", 963 ," 2,666 "," 3,629 ", 961 ," 2,657 "," 3,618 "," 1,092 "," 2,803 "," 3,895 "," 1,324 "," 3,410 "," 4,734 "," 1,469 "," 3,533 "," 5,002 "," 1,598 "," 3,799 "," 5,397 "," 1,635 "," 3,991 "," 5,626 "," 1,651 "," 4,020 "," 5,671 "," 1,686 "," 4,194 "," 5,880 "," 1,756 "," 4,382 "," 6,138 "," 1,931 "," 4,650 "," 6,581 "," 2,065 "," 4,839 "," 6,904 "," 2,303 "," 5,181 "," 7,484 "," 2,455 "," 5,619 "," 8,074 "," 2,697 "," 5,991 "," 8,688 "," 2,807 "," 6,233 "," 9,040 "," 2,959 "," 6,448 "," 9,407 "," 3,038 "," 6,583 "," 9,621 "," 3,110 "," 6,737 "," 9,847 "," 3,043 "," 6,803 "," 9,846 "
All ages," 488,349 "," 488,780 "," 977,129 "," 493,900 "," 491,310 "," 985,210 "," 497,659 "," 496,192 "," 993,851 "," 501,221 "," 502,573 "," 1,003,794 "," 506,710 "," 509,886 "," 1,016,596 "," 510,627 "," 516,186 "," 1,026,813 "," 512,005 "," 512,566 "," 1,024,571 "," 517,195 "," 518,612 "," 1,035,807 "," 525,751 "," 524,216 "," 1,049,967 "," 532,599 "," 530,211 "," 1,062,810 "," 539,715 "," 538,231 "," 1,077,946 "," 544,185 "," 543,158 "," 1,087,343 "," 549,671 "," 548,997 "," 1,098,668 "," 556,428 "," 556,208 "," 1,112,636 "," 562,166 "," 562,342 "," 1,124,508 "," 569,051 "," 569,918 "," 1,138,969 "," 570,512 "," 580,582 "," 1,151,094 "," 574,974 "," 585,109 "," 1,160,083 "," 578,833 "," 589,162 "," 1,167,995 "," 582,779 "," 593,544 "," 1,176,323 "," 586,306 "," 597,227 "," 1,183,533 "," 589,631 "," 600,730 "," 1,190,361 "," 592,221 "," 603,455 "," 1,195,676 "," 594,908 "," 605,979 "," 1,200,887 "," 596,795 "," 608,160 "," 1,204,955 "," 597,903 "," 609,939 "," 1,207,842 "," 599,086 "," 611,305 "," 1,210,391 "," 599,687 "," 612,283 "," 1,211,970 "," 601,158 "," 613,829 "," 1,214,987 "," 602,493 "," 614,848 "," 1,217,341 "," 603,473 "," 615,792 "," 1,219,265 "," 604,118 "," 616,545 "," 1,220,663 "," 604,444 "," 616,769 "," 1,221,213 "
Note:,,,,,,,,,,,,,,,,,,,,,,,,,,,,,,,,,,,,,,,,,,,,,,,,,,,,,,,,,,,,,,,,,,,,,,,,,,,,,,,,,,,,,,,,,,,,,,,,,,,
(i) Figures from 1984 to 1989 are based on the 1983 population  census  and figures from 1991 to 1999 are based on the 1990 population census.,,,,,,,,,,,,,,,,,,,,,,,,,,,,,,,,,,,,,,,,,,,,,,,,,,,,,,,,,,,,,,,,,,,,,,,,,,,,,,,,,,,,,,,,,,,,,,,,,,,
    These figures will be different from table 1(a) as population by age group was not revised for these years,,,,,,,,,,,,,,,,,,,,,,,,,,,,,,,,,,,,,,,,,,,,,,,,,,,,,,,,,,,,,,,,,,,,,,,,,,,,,,,,,,,,,,,,,,,,,,,,,,,
(iii) Figures from 2001 to 2015 have been revised  based on the 2011 population  census,,,,,,,,,,,,,,,,,,,,,,,,,,,,,,,,,,,,,,,,,,,,,,,,,,,,,,,,,,,,,,,,,,,,,,,,,,,,,,,,,,,,,,,,,,,,,,,,,,,
,,,,,,,,,,,,,,,,,,,,,,,,,,,,,,,,,,,,,,,,,,,,,,,,,,,,,,,,,,,,,,,,,,,,,,,,,,,,,,,,,,,,,,,,,,,,,,,,,,,